{
  "seed": 42,
  "feature_cols": [
    "Time",
    "V1",
    "V2",
    "V3",
    "V4",
    "V5",
    "V6",
    "V7",
    "V8",
    "V9",
    "V10",
    "V11",
    "V12",
    "V13",
    "V14",
    "V15",
    "V16",
    "V17",
    "V18",
    "V19",
    "V20",
    "V21",
    "V22",
    "V23",
    "V24",
    "V25",
    "V26",
    "V27",
    "V28",
    "Amount"
  ],
  "mlp_config": {
    "hidden_sizes": [
      128,
      64
    ],
    "dropout": 0.2,
    "lr": 0.001,
    "tuned_threshold": 0.16758793969849248,
    "imbalance_strategy": "none"
  },
  "svm_config": {
    "params": {
      "C": 0.1,
      "kernel": "linear"
    },
    "tuned_threshold": 0.01,
    "imbalance_strategy": "none"
  },
  "expected_metrics": {
    "mlp_default": {
      "roc_auc": 0.9825954369753899,
      "pr_auc": 0.9149484365458341,
      "f1": 0.8715083798882681,
      "precision": 0.9629629629629629,
      "recall": 0.7959183673469388
    },
    "mlp_tuned": {
      "roc_auc": 0.9825954369753899,
      "pr_auc": 0.9149484365458341,
      "f1": 0.8795811518324608,
      "precision": 0.9032258064516129,
      "recall": 0.8571428571428571
    },
    "svm_default": {
      "roc_auc": 0.9798723087435873,
      "pr_auc": 0.9079261158407005,
      "f1": 0.8333333333333334,
      "precision": 1.0,
      "recall": 0.7142857142857143
    },
    "svm_tuned": {
      "roc_auc": 0.9798723087435873,
      "pr_auc": 0.9079261158407005,
      "f1": 0.8235294117647058,
      "precision": 0.9722222222222222,
      "recall": 0.7142857142857143
    }
  }
}